,date,Precipitation
0,2016-08-23,0.0
1,2016-08-24,0.08
2,2016-08-25,0.08
3,2016-08-26,0.0
4,2016-08-27,0.0
5,2016-08-28,0.01
6,2016-08-29,0.0
7,2016-08-30,0.0
8,2016-08-31,0.13
9,2016-09-01,0.0
10,2016-09-02,0.0
11,2016-09-03,0.0
12,2016-09-04,0.03
13,2016-09-07,0.05
14,2016-09-08,0.0
15,2016-09-09,0.03
16,2016-09-10,0.0
17,2016-09-11,0.05
18,2016-09-12,0.0
19,2016-09-13,0.02
20,2016-09-14,1.32
21,2016-09-15,0.42
22,2016-09-16,0.06
23,2016-09-17,0.05
24,2016-09-18,0.0
25,2016-09-19,0.0
26,2016-09-20,0.0
27,2016-09-21,0.0
28,2016-09-22,0.02
29,2016-09-23,0.0
30,2016-09-24,0.0
31,2016-09-25,0.0
32,2016-09-26,0.06
33,2016-09-27,0.02
34,2016-09-28,0.0
35,2016-09-29,0.0
36,2016-09-30,0.0
37,2016-10-01,0.0
38,2016-10-02,0.0
39,2016-10-03,0.0
40,2016-10-04,0.0
41,2016-10-05,0.0
42,2016-10-06,0.0
43,2016-10-07,0.0
44,2016-10-08,0.0
45,2016-10-09,0.0
46,2016-10-10,0.0
47,2016-10-11,0.0
48,2016-10-12,0.0
49,2016-10-13,0.0
50,2016-10-14,0.0
51,2016-10-15,0.0
52,2016-10-16,0.0
53,2016-10-17,0.01
54,2016-10-18,0.0
55,2016-10-19,0.0
56,2016-10-20,0.0
57,2016-10-21,0.05
58,2016-10-22,0.15
59,2016-10-23,0.01
60,2016-10-24,0.0
61,2016-10-25,0.03
62,2016-10-26,0.0
63,2016-10-27,0.0
64,2016-10-28,0.0
65,2016-10-29,0.0
66,2016-10-30,0.24
67,2016-10-31,0.03
68,2016-11-01,0.0
69,2016-11-02,0.0
70,2016-11-03,0.0
71,2016-11-04,0.0
72,2016-11-05,0.0
73,2016-11-06,0.0
74,2016-11-07,0.0
75,2016-11-08,0.07
76,2016-11-09,0.0
77,2016-11-10,0.0
78,2016-11-11,0.0
79,2016-11-12,0.0
80,2016-11-13,0.0
81,2016-11-14,0.0
82,2016-11-15,0.0
83,2016-11-16,0.0
84,2016-11-17,0.0
85,2016-11-18,0.0
86,2016-11-19,0.03
87,2016-11-20,0.05
88,2016-11-21,0.01
89,2016-11-22,0.13
90,2016-11-23,0.14
91,2016-11-24,0.05
92,2016-11-25,0.05
93,2016-11-26,0.05
94,2016-11-27,0.0
95,2016-11-28,0.01
96,2016-11-29,0.0
97,2016-11-30,0.14
98,2016-12-01,0.12
99,2016-12-02,0.03
100,2016-12-03,0.0
101,2016-12-04,0.03
102,2016-12-05,0.43
103,2016-12-06,0.02
104,2016-12-07,0.0
105,2016-12-08,0.03
106,2016-12-09,0.52
107,2016-12-10,0.05
108,2016-12-11,0.04
109,2016-12-12,0.01
110,2016-12-13,0.05
111,2016-12-14,0.03
112,2016-12-15,0.0
113,2016-12-16,0.0
114,2016-12-17,0.01
115,2016-12-18,0.13
116,2016-12-19,0.01
117,2016-12-20,0.0
118,2016-12-21,0.0
119,2016-12-22,0.01
120,2016-12-23,0.01
121,2016-12-24,0.01
122,2016-12-25,0.0
123,2016-12-26,0.02
124,2016-12-27,0.0
125,2016-12-28,0.02
126,2016-12-29,0.04
127,2016-12-30,0.12
128,2016-12-31,0.01
129,2017-01-01,0.0
130,2017-01-02,0.0
131,2017-01-03,0.0
132,2017-01-04,0.0
133,2017-01-05,0.0
134,2017-01-06,0.0
135,2017-01-07,0.0
136,2017-01-08,0.0
137,2017-01-09,0.0
138,2017-01-10,0.0
139,2017-01-11,0.0
140,2017-01-12,0.0
141,2017-01-13,0.0
142,2017-01-14,0.0
143,2017-01-15,0.0
144,2017-01-16,0.0
145,2017-01-17,0.0
146,2017-01-18,0.0
147,2017-01-19,0.0
148,2017-01-20,0.0
149,2017-01-21,0.0
150,2017-01-22,0.16
151,2017-01-23,0.0
152,2017-01-24,0.04
153,2017-01-25,0.03
154,2017-01-26,0.0
155,2017-01-27,0.0
156,2017-01-28,0.0
157,2017-01-29,0.18
158,2017-01-30,0.0
159,2017-01-31,0.0
160,2017-02-01,0.0
161,2017-02-02,0.0
162,2017-02-03,0.0
163,2017-02-04,0.0
164,2017-02-05,0.0
165,2017-02-06,0.0
166,2017-02-07,0.51
167,2017-02-08,0.0
168,2017-02-09,0.0
169,2017-02-10,0.0
170,2017-02-11,0.31
171,2017-02-12,2.62
172,2017-02-13,0.01
173,2017-02-14,0.0
174,2017-02-15,0.0
175,2017-02-16,0.07
176,2017-02-17,0.0
177,2017-02-18,0.0
178,2017-02-19,0.0
179,2017-02-20,0.0
180,2017-02-21,0.06
181,2017-02-22,0.06
182,2017-02-23,0.01
183,2017-02-24,0.0
184,2017-02-25,0.03
185,2017-02-26,0.0
186,2017-02-27,0.0
187,2017-02-28,0.0
188,2017-03-01,1.19
189,2017-03-02,0.73
190,2017-03-03,0.47
191,2017-03-04,0.0
192,2017-03-05,0.35
193,2017-03-06,0.0
194,2017-03-07,0.0
195,2017-03-08,0.0
196,2017-03-09,0.0
197,2017-03-10,0.0
198,2017-03-11,0.0
199,2017-03-12,0.0
200,2017-03-13,0.0
201,2017-03-14,0.0
202,2017-03-15,0.0
203,2017-03-16,0.0
204,2017-03-17,0.0
205,2017-03-18,0.0
206,2017-03-19,0.0
207,2017-03-20,0.0
208,2017-03-21,0.0
209,2017-03-22,0.0
210,2017-03-23,0.0
211,2017-03-24,0.02
212,2017-03-25,0.0
213,2017-03-26,0.0
214,2017-03-27,0.0
215,2017-03-28,0.0
216,2017-03-29,0.0
217,2017-03-30,0.0
218,2017-03-31,0.0
219,2017-04-01,0.0
220,2017-04-02,0.0
221,2017-04-03,0.0
222,2017-04-04,0.0
223,2017-04-05,0.0
224,2017-04-06,0.0
225,2017-04-07,0.0
226,2017-04-08,0.0
227,2017-04-09,0.0
228,2017-04-10,0.0
229,2017-04-11,0.0
230,2017-04-12,0.0
231,2017-04-13,0.0
232,2017-04-14,0.26
233,2017-04-15,0.01
234,2017-04-16,0.0
235,2017-04-17,0.02
236,2017-04-18,0.0
237,2017-04-19,0.02
238,2017-04-20,0.05
239,2017-04-21,0.23
240,2017-04-22,0.32
241,2017-04-23,0.03
242,2017-04-24,0.0
243,2017-04-25,0.0
244,2017-04-26,0.0
245,2017-04-27,0.0
246,2017-04-28,0.0
247,2017-04-29,0.12
248,2017-04-30,0.89
249,2017-05-01,0.26
250,2017-05-02,0.0
251,2017-05-03,0.0
252,2017-05-04,0.0
253,2017-05-05,0.0
254,2017-05-06,0.0
255,2017-05-07,0.0
256,2017-05-08,0.0
257,2017-05-10,0.0
258,2017-05-11,0.01
259,2017-05-12,0.0
260,2017-05-13,0.0
261,2017-05-14,0.0
262,2017-05-15,0.05
263,2017-05-16,0.01
264,2017-05-17,0.0
265,2017-05-18,0.01
266,2017-05-19,0.0
267,2017-05-20,0.0
268,2017-05-21,0.0
269,2017-05-22,0.0
270,2017-05-23,0.08
271,2017-05-24,0.13
272,2017-05-25,0.15
273,2017-05-27,0.01
274,2017-05-28,0.02
275,2017-05-29,0.0
276,2017-05-30,0.26
277,2017-05-31,0.02
278,2017-06-01,0.0
279,2017-06-02,0.0
280,2017-06-03,0.02
281,2017-06-04,0.0
282,2017-06-05,0.0
283,2017-06-06,0.0
284,2017-06-07,0.0
285,2017-06-08,0.0
286,2017-06-09,0.0
287,2017-06-10,0.04
288,2017-06-11,0.08
289,2017-06-12,0.02
290,2017-06-13,0.0
291,2017-06-14,0.0
292,2017-06-15,0.0
293,2017-06-16,0.0
294,2017-06-17,0.0
295,2017-06-18,0.05
296,2017-06-19,0.0
297,2017-06-20,0.02
298,2017-06-21,0.0
299,2017-06-22,0.0
300,2017-06-23,0.0
301,2017-06-24,0.06
302,2017-06-25,0.0
303,2017-06-26,0.0
304,2017-06-27,0.0
305,2017-06-28,0.0
306,2017-06-29,0.0
307,2017-06-30,0.08
308,2017-07-01,0.02
309,2017-07-02,0.02
310,2017-07-03,0.04
311,2017-07-04,0.04
312,2017-07-05,0.0
313,2017-07-06,0.0
314,2017-07-07,0.0
315,2017-07-08,0.0
316,2017-07-09,0.0
317,2017-07-10,0.0
318,2017-07-11,0.0
319,2017-07-12,0.0
320,2017-07-13,0.07
321,2017-07-14,0.02
322,2017-07-15,0.0
323,2017-07-16,0.02
324,2017-07-17,0.03
325,2017-07-18,0.05
326,2017-07-20,0.03
327,2017-07-21,0.0
328,2017-07-22,0.03
329,2017-07-23,0.0
330,2017-07-24,0.05
331,2017-07-25,0.0
332,2017-07-26,0.0
333,2017-07-27,0.0
334,2017-07-28,0.0
335,2017-07-29,0.0
336,2017-07-30,0.0
337,2017-07-31,0.0
338,2017-08-01,0.02
339,2017-08-02,0.0
340,2017-08-03,0.0
341,2017-08-04,0.02
342,2017-08-05,0.0
343,2017-08-06,0.0
344,2017-08-07,0.0
345,2017-08-08,0.0
346,2017-08-09,0.0
347,2017-08-10,0.0
348,2017-08-11,0.0
349,2017-08-12,0.0
350,2017-08-13,0.0
351,2017-08-14,0.0
352,2017-08-15,0.02
353,2017-08-18,0.0
354,2017-08-19,0.0
355,2017-08-20,0.0
356,2017-08-21,0.0
357,2017-08-22,0.0
358,2017-08-23,0.0
359,2016-08-23,0.15
360,2016-08-24,2.15
361,2016-08-25,0.08
362,2016-08-26,0.03
363,2016-08-27,0.18
364,2016-08-28,0.14
365,2016-08-29,0.17
366,2016-08-30,0.0
367,2016-08-31,0.1
368,2016-09-01,0.0
369,2016-09-02,0.02
370,2016-09-03,0.07
371,2016-09-04,0.03
372,2016-09-05,0.11
373,2016-09-06,0.05
374,2016-09-07,0.1
375,2016-09-08,0.22
376,2016-09-09,0.01
377,2016-09-10,0.01
378,2016-09-11,0.18
379,2016-09-12,0.04
380,2016-09-13,0.37
381,2016-09-14,0.9
382,2016-09-15,0.12
383,2016-09-16,0.01
384,2016-09-17,0.04
385,2016-09-18,0.0
386,2016-09-19,0.01
387,2016-09-20,0.09
388,2016-09-21,0.06
389,2016-09-22,0.09
390,2016-09-23,0.15
391,2016-09-24,0.0
392,2016-09-25,0.02
393,2016-09-26,0.06
394,2016-09-27,0.12
395,2016-09-28,0.08
396,2016-09-29,0.49
397,2016-09-30,0.31
398,2016-10-01,0.14
399,2016-10-02,0.02
400,2016-10-03,0.04
401,2016-10-04,0.0
402,2016-10-05,0.0
403,2016-10-06,0.05
404,2016-10-07,0.0
405,2016-10-08,0.0
406,2016-10-09,0.0
407,2016-10-10,0.0
408,2016-10-11,0.02
409,2016-10-12,0.03
410,2016-10-13,0.0
411,2016-10-14,0.0
412,2016-10-15,0.0
413,2016-10-16,0.0
414,2016-10-17,0.03
415,2016-10-18,0.05
416,2016-10-19,0.06
417,2016-10-20,0.0
418,2016-10-21,0.15
419,2016-10-22,0.1
420,2016-10-23,0.01
421,2016-10-24,0.0
422,2016-10-25,0.04
423,2016-10-26,0.06
424,2016-10-27,0.11
425,2016-10-28,0.02
426,2016-10-29,0.02
427,2016-10-30,0.1
428,2016-10-31,0.03
429,2016-11-01,0.01
430,2016-11-02,0.0
431,2016-11-03,0.0
432,2016-11-04,0.0
433,2016-11-05,0.02
434,2016-11-06,0.02
435,2016-11-07,0.0
436,2016-11-08,0.14
437,2016-11-09,0.08
438,2016-11-10,0.0
439,2016-11-11,0.0
440,2016-11-12,0.0
441,2016-11-13,0.0
442,2016-11-14,0.06
443,2016-11-15,0.0
444,2016-11-16,0.14
445,2016-11-17,0.03
446,2016-11-18,0.01
447,2016-11-19,0.11
448,2016-11-20,0.11
449,2016-11-21,0.02
450,2016-11-22,0.41
451,2016-11-23,0.03
452,2016-11-24,0.2
453,2016-11-25,0.05
454,2016-11-26,0.05
455,2016-11-27,0.06
456,2016-11-28,0.02
457,2016-11-29,0.04
458,2016-11-30,0.05
459,2016-12-01,0.33
460,2016-12-02,0.3
461,2016-12-03,0.04
462,2016-12-04,0.1
463,2016-12-05,0.34
464,2016-12-06,0.02
465,2016-12-07,0.17
466,2016-12-08,0.03
467,2016-12-09,0.34
468,2016-12-10,0.02
469,2016-12-11,0.02
470,2016-12-12,0.01
471,2016-12-13,0.1
472,2016-12-14,0.05
473,2016-12-15,0.02
474,2016-12-16,0.01
475,2016-12-17,0.11
476,2016-12-18,0.29
477,2016-12-19,0.21
478,2016-12-20,0.02
479,2016-12-21,0.03
480,2016-12-22,0.17
481,2016-12-23,0.1
482,2016-12-24,0.14
483,2016-12-25,0.03
484,2016-12-26,0.26
485,2016-12-27,0.03
486,2016-12-28,0.09
487,2016-12-29,0.18
488,2016-12-30,0.21
489,2016-12-31,0.62
490,2017-01-01,0.29
491,2017-01-02,0.0
492,2017-01-03,0.0
493,2017-01-04,0.0
494,2017-01-05,0.0
495,2017-01-06,0.0
496,2017-01-07,0.06
497,2017-01-08,0.0
498,2017-01-09,0.0
499,2017-01-10,0.0
500,2017-01-11,0.0
501,2017-01-12,0.0
502,2017-01-13,0.0
503,2017-01-14,0.0
504,2017-01-15,0.0
505,2017-01-16,0.0
506,2017-01-17,0.0
507,2017-01-18,0.0
508,2017-01-19,0.0
509,2017-01-20,0.0
510,2017-01-21,0.04
511,2017-01-22,0.01
512,2017-01-23,0.08
513,2017-01-24,0.15
514,2017-01-25,0.12
515,2017-01-26,0.0
516,2017-01-27,0.0
517,2017-01-28,0.14
518,2017-01-29,0.0
519,2017-01-30,0.0
520,2017-01-31,0.0
521,2017-02-01,0.0
522,2017-02-02,0.0
523,2017-02-03,0.0
524,2017-02-04,0.0
525,2017-02-05,0.0
526,2017-02-06,0.16
527,2017-02-07,1.08
528,2017-02-08,1.08
529,2017-02-09,0.02
530,2017-02-10,0.0
531,2017-02-11,1.0
532,2017-02-12,1.07
533,2017-02-13,2.9
534,2017-02-14,0.0
535,2017-02-15,0.0
536,2017-02-16,0.0
537,2017-02-17,0.8
538,2017-02-18,0.0
539,2017-02-19,0.0
540,2017-02-20,0.0
541,2017-02-21,0.0
542,2017-02-22,0.06
543,2017-02-23,0.0
544,2017-02-24,0.0
545,2017-02-25,0.0
546,2017-02-26,0.0
547,2017-02-27,0.0
548,2017-02-28,0.16
549,2017-03-01,2.2
550,2017-03-02,1.45
551,2017-03-03,0.54
552,2017-03-04,0.0
553,2017-03-05,0.1
554,2017-03-06,0.51
555,2017-03-07,0.0
556,2017-03-08,0.0
557,2017-03-09,0.8
558,2017-03-10,0.13
559,2017-03-11,0.03
560,2017-03-12,0.0
561,2017-03-13,0.0
562,2017-03-14,0.0
563,2017-03-15,0.0
564,2017-03-16,0.0
565,2017-03-17,0.19
566,2017-03-18,0.0
567,2017-03-19,0.0
568,2017-03-20,0.0
569,2017-03-21,0.0
570,2017-03-22,0.0
571,2017-03-23,0.0
572,2017-03-24,0.6
573,2017-03-25,0.13
574,2017-03-26,0.0
575,2017-03-27,0.0
576,2017-03-28,0.03
577,2017-03-29,0.0
578,2017-03-30,0.08
579,2017-03-31,0.0
580,2017-04-01,0.0
581,2017-04-02,0.0
582,2017-04-03,0.08
583,2017-04-04,0.04
584,2017-04-05,0.04
585,2017-04-06,0.0
586,2017-04-07,0.0
587,2017-04-08,0.0
588,2017-04-09,0.0
589,2017-04-10,0.01
590,2017-04-11,0.03
591,2017-04-12,0.03
592,2017-04-13,0.27
593,2017-04-14,0.69
594,2017-04-15,0.45
595,2017-04-16,0.49
596,2017-04-17,0.41
597,2017-04-18,0.08
598,2017-04-19,0.02
599,2017-04-20,0.33
600,2017-04-21,1.16
601,2017-04-22,1.01
602,2017-04-23,0.02
603,2017-04-24,0.0
604,2017-04-25,0.0
605,2017-04-26,0.0
606,2017-04-27,0.1
607,2017-04-28,2.6
608,2017-04-29,0.35
609,2017-04-30,1.21
610,2017-05-01,0.07
611,2017-05-02,0.03
612,2017-05-03,0.01
613,2017-05-04,0.0
614,2017-05-05,0.0
615,2017-05-06,0.0
616,2017-05-07,0.07
617,2017-05-08,0.22
618,2017-05-09,1.62
619,2017-05-10,0.05
620,2017-05-11,0.03
621,2017-05-12,0.04
622,2017-05-13,0.02
623,2017-05-14,0.05
624,2017-05-15,0.08
625,2017-05-16,0.03
626,2017-05-17,0.02
627,2017-05-18,0.09
628,2017-05-19,0.02
629,2017-05-20,0.0
630,2017-05-21,0.0
631,2017-05-22,0.0
632,2017-05-23,0.02
633,2017-05-24,0.58
634,2017-05-25,0.37
635,2017-05-26,0.02
636,2017-05-27,0.0
637,2017-05-28,0.29
638,2017-05-29,0.02
639,2017-05-30,0.2
640,2017-05-31,0.1
641,2017-06-01,0.03
642,2017-06-02,0.1
643,2017-06-03,0.2
644,2017-06-04,0.15
645,2017-06-05,0.0
646,2017-06-06,0.0
647,2017-06-07,0.0
648,2017-06-08,0.02
649,2017-06-09,0.02
650,2017-06-10,0.21
651,2017-06-11,0.24
652,2017-06-12,0.19
653,2017-06-13,0.36
654,2017-06-14,0.27
655,2017-06-15,0.17
656,2017-06-16,0.02
657,2017-06-17,0.35
658,2017-06-18,0.25
659,2017-06-19,0.05
660,2017-06-20,0.05
661,2017-06-21,0.02
662,2017-06-22,0.1
663,2017-06-23,0.0
664,2017-06-24,0.0
665,2017-06-25,0.08
666,2017-06-26,0.02
667,2017-06-27,0.0
668,2017-06-28,0.01
669,2017-06-29,0.03
670,2017-06-30,0.04
671,2017-07-01,0.06
672,2017-07-02,0.05
673,2017-07-03,0.13
674,2017-07-04,0.03
675,2017-07-05,0.0
676,2017-07-06,0.0
677,2017-07-07,0.02
678,2017-07-08,0.02
679,2017-07-09,0.09
680,2017-07-10,0.0
681,2017-07-11,0.01
682,2017-07-12,0.01
683,2017-07-13,0.33
684,2017-07-14,0.05
685,2017-07-15,0.03
686,2017-07-16,0.07
687,2017-07-17,0.12
688,2017-07-18,0.03
689,2017-07-19,0.0
690,2017-07-20,0.12
691,2017-07-21,0.0
692,2017-07-22,0.07
693,2017-07-23,0.06
694,2017-07-24,0.58
695,2017-07-25,0.03
696,2017-07-26,0.06
697,2017-07-27,0.0
698,2017-07-28,0.13
699,2017-07-29,0.06
700,2017-07-30,0.0
701,2017-07-31,0.0
702,2016-08-23,0.05
703,2016-08-24,2.28
704,2016-08-25,0.0
705,2016-08-26,0.02
706,2016-08-27,0.02
707,2016-08-28,0.14
708,2016-08-29,0.04
709,2016-09-01,0.0
710,2016-09-02,0.19
711,2016-09-06,0.04
712,2016-09-07,0.23
713,2016-09-08,0.01
714,2016-09-09,0.29
715,2016-09-13,0.32
716,2016-09-14,1.84
717,2016-09-15,0.07
718,2016-09-16,0.07
719,2016-09-20,0.25
720,2016-09-21,0.02
721,2016-09-22,0.17
722,2016-09-23,0.15
723,2016-09-24,0.0
724,2016-09-25,0.0
725,2016-09-26,0.02
726,2016-09-27,0.0
727,2016-09-28,0.0
728,2016-09-29,0.2
729,2016-09-30,0.06
730,2016-10-01,0.08
731,2016-10-02,0.03
732,2016-10-03,0.03
733,2016-10-04,0.0
734,2016-10-05,0.0
735,2016-10-06,0.0
736,2016-10-07,0.0
737,2016-10-11,0.04
738,2016-10-12,0.0
739,2016-10-13,0.02
740,2016-10-14,0.0
741,2016-10-15,0.02
742,2016-10-18,0.03
743,2016-10-19,0.0
744,2016-10-20,0.01
745,2016-10-21,0.03
746,2016-10-24,0.01
747,2016-10-25,0.0
748,2016-10-27,0.2
749,2016-10-28,0.07
750,2016-10-29,0.26
751,2016-10-30,0.14
752,2016-10-31,0.0
753,2016-11-01,0.0
754,2016-11-02,0.0
755,2016-11-03,0.0
756,2016-11-04,0.0
757,2016-11-05,0.0
758,2016-11-06,0.0
759,2016-11-07,0.13
760,2016-11-08,0.02
761,2016-11-09,0.17
762,2016-11-10,0.0
763,2016-11-11,0.0
764,2016-11-12,0.0
765,2016-11-13,0.0
766,2016-11-14,0.05
767,2016-11-15,0.0
768,2016-11-16,0.18
769,2016-11-17,0.0
770,2016-11-26,0.02
771,2016-11-27,0.03
772,2016-11-28,0.0
773,2016-11-29,0.04
774,2016-11-30,0.03
775,2016-12-01,0.07
776,2016-12-02,0.4
777,2016-12-03,0.26
778,2016-12-04,0.0
779,2016-12-05,0.2
780,2016-12-08,0.02
781,2016-12-09,0.26
782,2016-12-10,0.0
783,2016-12-13,0.34
784,2016-12-14,0.12
785,2016-12-15,0.07
786,2016-12-16,0.0
787,2016-12-17,0.0
788,2016-12-18,0.04
789,2016-12-19,0.0
790,2016-12-20,0.0
791,2016-12-21,0.09
792,2016-12-22,0.05
793,2016-12-23,0.03
794,2016-12-24,0.13
795,2016-12-27,0.02
796,2016-12-28,0.01
797,2016-12-29,0.56
798,2016-12-30,0.29
799,2016-12-31,0.36
800,2017-01-01,0.0
801,2017-01-02,0.01
802,2017-01-03,0.0
803,2017-01-04,0.0
804,2017-01-05,0.0
805,2017-01-06,0.59
806,2017-01-07,0.0
807,2017-01-08,0.03
808,2017-01-09,0.0
809,2017-01-10,0.0
810,2017-01-11,0.0
811,2017-01-14,0.0
812,2017-01-17,0.0
813,2017-01-18,0.0
814,2017-01-19,0.0
815,2017-01-20,0.0
816,2017-01-21,0.02
817,2017-01-26,0.01
818,2017-01-27,0.0
819,2017-01-28,0.0
820,2017-01-31,0.0
821,2017-02-01,0.0
822,2017-02-02,0.0
823,2017-02-03,0.0
824,2017-02-06,0.04
825,2017-02-07,0.9
826,2017-02-08,0.0
827,2017-02-09,0.0
828,2017-02-10,0.0
829,2017-02-11,2.39
830,2017-02-12,1.91
831,2017-02-13,0.0
832,2017-02-14,0.0
833,2017-02-15,0.0
834,2017-02-16,0.62
835,2017-02-17,0.06
836,2017-02-21,0.0
837,2017-02-22,0.11
838,2017-02-23,0.0
839,2017-02-24,0.0
840,2017-02-27,0.0
841,2017-02-28,0.04
842,2017-03-01,1.12
843,2017-03-07,0.0
844,2017-03-08,0.0
845,2017-03-09,0.5
846,2017-03-10,0.13
847,2017-03-13,0.0
848,2017-03-14,0.0
849,2017-03-17,0.06
850,2017-03-18,0.0
851,2017-03-21,0.0
852,2017-03-22,0.0
853,2017-03-23,0.0
854,2017-03-24,0.15
855,2017-03-28,0.0
856,2017-03-29,0.03
857,2017-03-30,0.03
858,2017-03-31,0.0
859,2017-04-01,0.0
860,2017-04-02,0.0
861,2017-04-03,0.09
862,2017-04-04,0.0
863,2017-04-05,0.07
864,2017-04-06,0.0
865,2017-04-07,0.0
866,2017-04-10,0.0
867,2017-04-11,0.16
868,2017-04-12,0.29
869,2017-04-13,0.0
870,2017-04-14,0.29
871,2017-04-18,0.12
872,2017-04-19,0.0
873,2017-04-20,0.0
874,2017-04-21,1.05
875,2017-04-22,0.7
876,2017-04-25,0.0
877,2017-04-26,0.14
878,2017-04-27,0.02
879,2017-04-28,0.09
880,2017-04-29,0.95
881,2017-04-30,1.17
882,2017-05-01,0.03
883,2017-05-02,0.01
884,2017-05-03,0.01
885,2017-05-04,0.08
886,2017-05-05,0.28
887,2017-05-06,0.06
888,2017-05-08,0.95
889,2017-05-09,0.52
890,2017-05-10,0.0
891,2017-05-16,0.05
892,2017-05-17,0.0
893,2017-05-18,0.16
894,2017-05-19,0.01
895,2017-05-20,0.01
896,2017-05-23,0.11
897,2017-05-24,0.1
898,2017-05-25,0.07
899,2017-05-26,0.0
900,2017-05-27,0.0
901,2017-05-28,0.02
902,2017-05-29,0.0
903,2017-05-30,0.04
904,2017-05-31,0.0
905,2017-06-01,0.0
906,2017-06-02,0.15
907,2017-06-03,0.16
908,2017-06-04,0.05
909,2017-06-05,0.02
910,2017-06-06,0.0
911,2017-06-07,0.0
912,2017-06-08,0.01
913,2017-06-09,0.0
914,2017-06-10,0.53
915,2017-06-11,0.14
916,2017-06-12,0.35
917,2017-06-13,0.1
918,2017-06-14,0.21
919,2017-06-15,0.3
920,2017-06-16,0.02
921,2017-06-17,0.02
922,2017-06-18,0.18
923,2017-06-19,0.19
924,2017-06-20,0.17
925,2017-06-30,0.0
926,2017-07-08,0.06
927,2017-07-09,0.0
928,2017-07-10,0.0
929,2017-07-11,0.0
930,2017-07-12,0.02
931,2017-07-13,0.3
932,2017-07-14,0.0
933,2017-07-15,0.01
934,2017-07-16,0.12
935,2017-07-17,0.16
936,2017-07-18,0.0
937,2017-07-19,0.09
938,2017-07-20,0.0
939,2017-07-21,0.0
940,2017-07-22,0.12
941,2017-07-23,0.07
942,2017-07-24,1.19
943,2017-07-25,0.12
944,2017-07-26,0.02
945,2017-07-27,0.0
946,2017-07-28,0.14
947,2017-07-29,0.02
948,2017-08-01,0.12
949,2017-08-02,0.05
950,2017-08-03,0.01
951,2017-08-04,0.04
952,2017-08-06,0.0
953,2017-08-07,0.0
954,2017-08-08,0.1
955,2017-08-09,0.0
956,2017-08-10,0.0
957,2017-08-11,0.0
958,2017-08-14,0.01
959,2017-08-15,0.0
960,2017-08-16,0.0
961,2017-08-17,0.0
962,2017-08-18,0.0
963,2017-08-19,0.0
964,2017-08-20,0.01
965,2017-08-21,0.02
966,2017-08-23,0.0
967,2016-08-25,0.0
968,2016-08-26,0.04
969,2016-08-30,0.02
970,2016-09-16,0.0
971,2016-09-20,0.0
972,2016-09-22,0.06
973,2016-09-23,0.0
974,2016-09-28,0.0
975,2016-09-29,0.04
976,2016-10-06,0.07
977,2016-10-25,0.4
978,2016-10-26,0.2
979,2016-11-09,0.0
980,2016-11-14,0.02
981,2016-12-08,0.27
982,2016-12-12,0.02
983,2016-12-21,0.06
984,2017-01-17,0.0
985,2017-01-18,0.0
986,2017-01-26,0.0
987,2017-01-27,0.0
988,2017-01-30,0.05
989,2017-01-31,0.0
990,2017-02-01,0.0
991,2017-02-02,0.0
992,2017-02-03,0.0
993,2017-02-07,0.0
994,2017-02-08,0.0
995,2017-02-09,0.0
996,2017-02-10,0.0
997,2017-02-14,0.0
998,2017-02-17,0.0
999,2017-02-22,0.17
1000,2017-02-23,0.0
1001,2017-02-24,0.0
1002,2017-03-01,2.4
1003,2017-03-02,0.44
1004,2017-03-03,0.14
1005,2017-03-09,0.0
1006,2017-03-10,0.0
1007,2017-03-14,0.06
1008,2017-03-15,0.0
1009,2017-03-31,0.0
1010,2017-04-04,0.0
1011,2017-04-05,0.0
1012,2017-04-06,0.0
1013,2017-04-07,0.0
1014,2017-04-18,0.0
1015,2017-06-22,0.0
1016,2017-06-23,0.0
1017,2017-06-27,0.0
1018,2017-06-28,0.0
1019,2017-06-29,0.0
1020,2017-06-30,0.12
1021,2017-07-18,0.0
1022,2017-07-19,0.0
1023,2017-07-20,0.0
1024,2017-07-21,0.0
1025,2017-07-25,0.0
1026,2017-07-28,0.01
1027,2016-08-23,0.02
1028,2016-08-24,1.22
1029,2016-08-25,0.21
1030,2016-08-26,0.0
1031,2016-08-27,0.0
1032,2016-08-28,0.14
1033,2016-08-29,0.0
1034,2016-08-30,0.0
1035,2016-08-31,0.25
1036,2016-09-03,0.08
1037,2016-09-04,0.74
1038,2016-09-05,0.02
1039,2016-09-06,0.03
1040,2016-09-07,0.11
1041,2016-09-08,0.01
1042,2016-09-09,0.23
1043,2016-09-10,0.14
1044,2016-09-11,0.12
1045,2016-09-12,0.15
1046,2016-09-13,0.46
1047,2016-09-14,1.19
1048,2016-09-15,0.17
1049,2016-09-16,0.01
1050,2016-09-17,0.0
1051,2016-09-18,0.04
1052,2016-09-19,0.05
1053,2016-09-20,0.04
1054,2016-09-21,0.0
1055,2016-09-22,0.01
1056,2016-09-23,0.0
1057,2016-09-24,0.0
1058,2016-09-25,0.0
1059,2016-09-26,0.34
1060,2016-09-27,0.05
1061,2016-09-28,0.0
1062,2016-09-29,0.18
1063,2016-09-30,0.15
1064,2016-10-01,0.07
1065,2016-10-02,0.0
1066,2016-10-03,0.0
1067,2016-10-04,0.0
1068,2016-10-05,0.0
1069,2016-10-06,0.0
1070,2016-10-07,0.0
1071,2016-10-08,0.0
1072,2016-10-09,0.0
1073,2016-10-10,0.0
1074,2016-10-11,0.0
1075,2016-10-12,0.0
1076,2016-10-13,0.0
1077,2016-10-14,0.0
1078,2016-10-15,0.0
1079,2016-10-16,0.0
1080,2016-10-17,0.12
1081,2016-10-18,0.02
1082,2016-10-19,0.0
1083,2016-10-22,0.0
1084,2016-10-23,0.0
1085,2016-10-24,0.0
1086,2016-10-25,0.12
1087,2016-10-26,0.02
1088,2016-10-27,0.08
1089,2016-10-28,0.06
1090,2016-10-29,0.01
1091,2016-10-30,0.0
1092,2016-10-31,0.13
1093,2016-11-01,0.01
1094,2016-11-02,0.0
1095,2016-11-03,0.0
1096,2016-11-04,0.0
1097,2016-11-05,0.02
1098,2016-11-06,0.0
1099,2016-11-07,0.0
1100,2016-11-08,0.15
1101,2016-11-09,0.0
1102,2016-11-10,0.0
1103,2016-11-11,0.0
1104,2016-11-12,0.0
1105,2016-11-13,0.0
1106,2016-11-14,0.0
1107,2016-11-15,0.0
1108,2016-11-16,0.07
1109,2016-11-17,0.0
1110,2016-11-18,0.02
1111,2016-11-19,0.13
1112,2016-11-20,0.4
1113,2016-11-21,0.07
1114,2016-11-22,0.31
1115,2016-11-23,0.03
1116,2016-11-24,0.21
1117,2016-11-25,0.11
1118,2016-11-26,0.03
1119,2016-11-27,0.0
1120,2016-11-28,0.0
1121,2016-11-29,0.06
1122,2016-11-30,0.0
1123,2016-12-01,0.16
1124,2016-12-02,0.01
1125,2016-12-03,0.02
1126,2016-12-04,0.32
1127,2016-12-05,0.45
1128,2016-12-06,0.0
1129,2016-12-07,0.07
1130,2016-12-08,0.01
1131,2016-12-11,0.06
1132,2016-12-12,0.0
1133,2016-12-13,0.15
1134,2016-12-14,0.05
1135,2016-12-15,0.0
1136,2016-12-16,0.0
1137,2016-12-17,0.16
1138,2016-12-18,0.27
1139,2016-12-19,0.02
1140,2016-12-20,0.01
1141,2016-12-21,0.06
1142,2016-12-22,0.14
1143,2016-12-23,0.02
1144,2016-12-24,0.06
1145,2016-12-25,0.0
1146,2016-12-26,0.06
1147,2016-12-27,0.0
1148,2016-12-28,0.06
1149,2016-12-29,0.05
1150,2016-12-30,0.07
1151,2017-01-04,0.18
1152,2017-01-05,0.42
1153,2017-01-06,0.01
1154,2017-01-07,0.0
1155,2017-01-08,0.0
1156,2017-01-09,0.0
1157,2017-01-10,0.0
1158,2017-01-16,0.0
1159,2017-01-19,0.0
1160,2017-01-20,0.0
1161,2017-01-21,0.11
1162,2017-01-22,0.04
1163,2017-01-23,0.0
1164,2017-01-24,0.08
1165,2017-01-25,0.0
1166,2017-01-26,0.0
1167,2017-01-27,0.0
1168,2017-01-30,0.0
1169,2017-01-31,0.0
1170,2017-02-01,0.0
1171,2017-02-02,0.0
1172,2017-02-03,0.0
1173,2017-02-04,0.0
1174,2017-02-05,0.0
1175,2017-02-06,0.0
1176,2017-02-07,1.8
1177,2017-02-08,0.0
1178,2017-02-09,0.0
1179,2017-02-10,0.0
1180,2017-02-11,5.04
1181,2017-02-12,0.07
1182,2017-02-13,0.0
1183,2017-02-16,0.67
1184,2017-02-17,0.06
1185,2017-02-18,0.01
1186,2017-02-22,0.13
1187,2017-02-23,0.0
1188,2017-02-24,0.0
1189,2017-02-27,0.0
1190,2017-02-28,0.0
1191,2017-03-01,0.59
1192,2017-03-02,1.48
1193,2017-03-03,0.25
1194,2017-03-04,0.0
1195,2017-03-10,0.0
1196,2017-03-11,0.0
1197,2017-03-12,0.0
1198,2017-03-13,0.0
1199,2017-03-14,0.0
1200,2017-03-15,0.0
1201,2017-03-16,0.0
1202,2017-03-17,0.35
1203,2017-03-18,0.0
1204,2017-03-19,0.0
1205,2017-03-20,0.0
1206,2017-03-21,0.0
1207,2017-03-22,0.0
1208,2017-03-23,0.02
1209,2017-03-24,0.07
1210,2017-03-25,0.43
1211,2017-03-26,0.0
1212,2017-03-27,0.0
1213,2017-03-28,0.0
1214,2017-03-29,0.08
1215,2017-03-30,0.0
1216,2017-03-31,0.0
1217,2017-04-01,0.0
1218,2017-04-02,0.0
1219,2017-04-03,0.0
1220,2017-04-04,0.0
1221,2017-04-05,0.0
1222,2017-04-06,0.0
1223,2017-04-07,0.0
1224,2017-04-10,0.0
1225,2017-04-11,0.0
1226,2017-04-12,0.0
1227,2017-04-13,0.0
1228,2017-04-14,0.36
1229,2017-04-15,0.0
1230,2017-04-16,0.0
1231,2017-04-17,0.3
1232,2017-04-18,0.15
1233,2017-04-19,0.0
1234,2017-04-20,0.35
1235,2017-04-21,2.36
1236,2017-04-25,0.0
1237,2017-04-26,0.01
1238,2017-04-27,0.0
1239,2017-04-28,0.0
1240,2017-04-29,6.25
1241,2017-04-30,1.31
1242,2017-05-01,0.07
1243,2017-05-02,0.0
1244,2017-05-03,0.0
1245,2017-05-04,0.0
1246,2017-05-05,0.0
1247,2017-05-06,0.0
1248,2017-05-07,0.0
1249,2017-05-08,0.0
1250,2017-05-09,0.68
1251,2017-05-10,0.06
1252,2017-05-11,0.0
1253,2017-05-12,0.0
1254,2017-05-13,0.0
1255,2017-05-14,0.0
1256,2017-05-15,0.06
1257,2017-05-16,0.0
1258,2017-05-17,0.0
1259,2017-05-18,0.46
1260,2017-05-21,0.0
1261,2017-05-22,0.0
1262,2017-05-23,0.0
1263,2017-05-24,0.61
1264,2017-05-25,0.55
1265,2017-05-26,0.0
1266,2017-05-27,0.0
1267,2017-05-28,0.0
1268,2017-05-29,0.0
1269,2017-05-30,0.11
1270,2017-05-31,0.0
1271,2017-06-01,0.0
1272,2017-06-02,0.0
1273,2017-06-03,0.15
1274,2017-06-04,0.0
1275,2017-06-05,0.0
1276,2017-06-06,0.0
1277,2017-06-07,0.0
1278,2017-06-08,0.0
1279,2017-06-09,0.0
1280,2017-06-10,0.13
1281,2017-06-11,0.25
1282,2017-06-12,0.14
1283,2017-06-13,0.03
1284,2017-06-14,0.06
1285,2017-06-15,0.0
1286,2017-06-16,0.0
1287,2017-06-17,0.0
1288,2017-06-18,0.0
1289,2017-06-19,0.01
1290,2017-06-22,0.0
1291,2017-06-23,0.05
1292,2017-06-24,0.0
1293,2017-06-25,0.0
1294,2017-06-26,0.0
1295,2017-06-27,0.0
1296,2017-06-28,0.0
1297,2017-06-29,0.0
1298,2017-06-30,0.07
1299,2017-07-03,0.02
1300,2017-07-06,0.0
1301,2017-07-07,0.0
1302,2017-07-08,0.0
1303,2017-07-09,0.0
1304,2017-07-10,0.0
1305,2017-07-11,0.0
1306,2017-07-12,0.0
1307,2017-07-13,0.11
1308,2017-07-14,0.0
1309,2017-07-15,0.0
1310,2017-07-16,0.0
1311,2017-07-17,0.0
1312,2017-07-18,0.0
1313,2017-07-19,0.0
1314,2017-07-20,0.33
1315,2017-07-21,0.0
1316,2017-07-22,0.0
1317,2017-07-25,0.05
1318,2017-07-26,0.0
1319,2017-07-27,0.0
1320,2017-07-28,0.0
1321,2017-07-29,0.0
1322,2017-07-30,0.0
1323,2017-07-31,0.0
1324,2017-08-01,0.0
1325,2017-08-02,0.0
1326,2017-08-03,0.0
1327,2017-08-04,0.0
1328,2017-08-06,0.0
1329,2017-08-07,0.0
1330,2017-08-08,0.0
1331,2017-08-10,0.0
1332,2017-08-11,0.0
1333,2017-08-12,0.0
1334,2017-08-13,0.0
1335,2017-08-14,0.08
1336,2017-08-15,0.06
1337,2017-08-16,0.07
1338,2017-08-17,0.05
1339,2017-08-22,0.0
1340,2017-08-23,0.08
1341,2016-08-23,1.79
1342,2016-08-24,2.15
1343,2016-08-25,0.06
1344,2016-08-26,0.01
1345,2016-08-27,0.12
1346,2016-08-28,0.6
1347,2016-08-29,0.35
1348,2016-08-30,0.0
1349,2016-08-31,0.24
1350,2016-09-01,0.02
1351,2016-09-02,0.01
1352,2016-09-03,0.12
1353,2016-09-04,0.14
1354,2016-09-05,0.03
1355,2016-09-06,0.11
1356,2016-09-07,0.16
1357,2016-09-08,0.07
1358,2016-09-09,0.16
1359,2016-09-10,0.09
1360,2016-09-11,0.3
1361,2016-09-12,0.31
1362,2016-09-13,0.34
1363,2016-09-14,2.33
1364,2016-09-15,0.83
1365,2016-09-16,0.06
1366,2016-09-17,0.36
1367,2016-09-18,0.07
1368,2016-09-19,0.01
1369,2016-09-20,0.22
1370,2016-09-21,0.07
1371,2016-09-22,0.34
1372,2016-09-23,0.94
1373,2016-09-24,0.01
1374,2016-09-25,0.03
1375,2016-09-26,0.17
1376,2016-09-27,0.17
1377,2016-09-28,0.0
1378,2016-09-29,0.59
1379,2016-09-30,0.25
1380,2016-10-01,0.14
1381,2016-10-02,0.06
1382,2016-10-03,0.16
1383,2016-10-04,0.03
1384,2016-10-05,0.01
1385,2016-10-06,0.0
1386,2016-10-07,0.0
1387,2016-10-08,0.0
1388,2016-10-09,0.0
1389,2016-10-10,0.0
1390,2016-10-11,0.28
1391,2016-10-12,0.03
1392,2016-10-13,0.0
1393,2016-10-14,0.0
1394,2016-10-15,0.04
1395,2016-10-16,0.0
1396,2016-10-17,0.01
1397,2016-10-18,0.02
1398,2016-10-19,0.11
1399,2016-10-20,0.0
1400,2016-10-21,0.0
1401,2016-10-22,0.15
1402,2016-10-23,0.02
1403,2016-10-24,0.08
1404,2016-10-25,0.11
1405,2016-10-26,0.01
1406,2016-10-27,0.22
1407,2016-10-28,0.05
1408,2016-10-29,0.1
1409,2016-10-30,0.16
1410,2016-10-31,0.07
1411,2016-11-01,0.1
1412,2016-11-02,0.0
1413,2016-11-03,0.0
1414,2016-11-04,0.0
1415,2016-11-05,0.03
1416,2016-11-06,0.01
1417,2016-11-07,0.0
1418,2016-11-08,0.21
1419,2016-11-09,0.11
1420,2016-11-10,0.0
1421,2016-11-11,0.0
1422,2016-11-12,0.0
1423,2016-11-13,0.0
1424,2016-11-14,0.0
1425,2016-11-15,0.0
1426,2016-11-16,0.24
1427,2016-11-17,0.01
1428,2016-11-18,0.0
1429,2016-11-19,0.11
1430,2016-11-20,0.39
1431,2016-11-21,0.11
1432,2016-11-22,2.05
1433,2016-11-23,0.25
1434,2016-11-24,0.3
1435,2016-11-25,0.08
1436,2016-11-26,0.06
1437,2016-11-27,0.17
1438,2016-11-28,0.0
1439,2016-11-29,0.09
1440,2016-11-30,0.05
1441,2016-12-01,0.37
1442,2016-12-02,0.35
1443,2016-12-03,0.77
1444,2016-12-04,0.04
1445,2016-12-05,0.22
1446,2016-12-06,0.0
1447,2016-12-07,0.12
1448,2016-12-08,0.07
1449,2016-12-09,0.31
1450,2016-12-10,0.02
1451,2016-12-11,0.0
1452,2016-12-12,0.0
1453,2016-12-13,0.04
1454,2016-12-14,0.92
1455,2016-12-15,0.14
1456,2016-12-16,0.03
1457,2016-12-17,0.07
1458,2016-12-18,0.16
1459,2016-12-19,0.03
1460,2016-12-20,0.0
1461,2016-12-21,0.11
1462,2016-12-22,0.86
1463,2016-12-23,0.24
1464,2016-12-24,0.2
1465,2016-12-25,0.02
1466,2016-12-26,0.22
1467,2016-12-27,0.05
1468,2016-12-28,0.09
1469,2016-12-29,0.52
1470,2016-12-30,0.29
1471,2016-12-31,0.25
1472,2017-01-01,0.03
1473,2017-01-02,0.01
1474,2017-01-03,0.0
1475,2017-01-04,0.0
1476,2017-01-05,0.06
1477,2017-01-06,0.1
1478,2017-01-07,0.0
1479,2017-01-08,0.0
1480,2017-01-09,0.0
1481,2017-01-10,0.0
1482,2017-01-11,0.0
1483,2017-01-12,0.0
1484,2017-01-13,0.0
1485,2017-01-14,0.01
1486,2017-01-15,0.0
1487,2017-01-16,0.0
1488,2017-01-17,0.0
1489,2017-01-18,0.0
1490,2017-01-19,0.02
1491,2017-01-20,0.0
1492,2017-01-21,0.03
1493,2017-01-22,0.09
1494,2017-01-23,0.01
1495,2017-01-24,0.13
1496,2017-01-25,0.79
1497,2017-01-26,0.0
1498,2017-01-27,0.03
1499,2017-01-28,0.0
1500,2017-01-29,0.26
1501,2017-01-30,0.0
1502,2017-01-31,0.0
1503,2017-02-01,0.0
1504,2017-02-02,0.0
1505,2017-02-03,0.0
1506,2017-02-04,0.0
1507,2017-02-05,0.0
1508,2017-02-06,0.18
1509,2017-02-07,1.32
1510,2017-02-08,0.0
1511,2017-02-09,0.0
1512,2017-02-10,0.0
1513,2017-02-11,1.73
1514,2017-02-12,2.98
1515,2017-02-13,0.01
1516,2017-02-14,0.0
1517,2017-02-15,0.01
1518,2017-02-16,0.73
1519,2017-02-17,0.13
1520,2017-02-18,0.0
1521,2017-02-19,0.09
1522,2017-02-20,0.0
1523,2017-02-21,0.0
1524,2017-02-22,0.06
1525,2017-02-23,0.0
1526,2017-02-24,0.0
1527,2017-02-25,0.0
1528,2017-02-26,0.0
1529,2017-02-27,0.0
1530,2017-02-28,0.04
1531,2017-03-01,2.12
1532,2017-03-02,1.88
1533,2017-03-03,0.27
1534,2017-03-04,0.0
1535,2017-03-05,0.41
1536,2017-03-06,0.03
1537,2017-03-07,0.0
1538,2017-03-08,0.0
1539,2017-03-09,0.65
1540,2017-03-10,0.03
1541,2017-03-11,0.01
1542,2017-03-12,0.0
1543,2017-03-13,0.0
1544,2017-03-14,0.0
1545,2017-03-15,0.06
1546,2017-03-16,0.0
1547,2017-03-17,0.12
1548,2017-03-18,0.0
1549,2017-03-19,0.0
1550,2017-03-20,0.02
1551,2017-03-21,0.09
1552,2017-03-22,0.0
1553,2017-03-23,0.0
1554,2017-03-24,0.12
1555,2017-03-25,0.93
1556,2017-03-26,0.0
1557,2017-03-27,0.01
1558,2017-03-28,0.0
1559,2017-03-29,0.01
1560,2017-03-30,0.04
1561,2017-03-31,0.01
1562,2017-04-01,0.21
1563,2017-04-02,0.0
1564,2017-04-03,0.26
1565,2017-04-04,0.09
1566,2017-04-05,0.1
1567,2017-04-06,0.06
1568,2017-04-07,0.0
1569,2017-04-08,0.0
1570,2017-04-09,0.0
1571,2017-04-10,0.01
1572,2017-04-11,0.03
1573,2017-04-12,0.11
1574,2017-04-13,0.59
1575,2017-04-14,2.3
1576,2017-04-15,0.38
1577,2017-04-16,0.47
1578,2017-04-17,1.04
1579,2017-04-18,2.03
1580,2017-04-19,0.02
1581,2017-04-20,0.05
1582,2017-04-21,1.74
1583,2017-04-22,1.58
1584,2017-04-23,0.06
1585,2017-04-24,0.01
1586,2017-04-25,0.0
1587,2017-04-26,0.02
1588,2017-04-27,0.19
1589,2017-04-28,0.76
1590,2017-04-29,0.37
1591,2017-04-30,1.04
1592,2017-05-01,0.13
1593,2017-05-02,0.01
1594,2017-05-03,0.01
1595,2017-05-04,0.0
1596,2017-05-05,0.0
1597,2017-05-06,0.0
1598,2017-05-07,0.02
1599,2017-05-08,0.73
1600,2017-05-09,1.58
1601,2017-05-10,0.2
1602,2017-05-11,0.12
1603,2017-05-12,0.02
1604,2017-05-13,0.12
1605,2017-05-14,0.17
1606,2017-05-15,0.09
1607,2017-05-16,0.03
1608,2017-05-17,0.07
1609,2017-05-18,0.13
1610,2017-05-19,0.01
1611,2017-05-20,0.02
1612,2017-05-21,0.01
1613,2017-05-22,0.06
1614,2017-05-23,0.06
1615,2017-05-24,0.3
1616,2017-05-25,0.2
1617,2017-05-26,0.0
1618,2017-05-27,0.0
1619,2017-05-28,0.08
1620,2017-05-29,0.4
1621,2017-05-30,1.12
1622,2017-05-31,0.25
1623,2017-06-01,0.0
1624,2017-06-02,0.09
1625,2017-06-03,0.08
1626,2017-06-04,0.13
1627,2017-06-05,0.05
1628,2017-06-06,0.0
1629,2017-06-07,0.0
1630,2017-06-08,0.0
1631,2017-06-09,0.02
1632,2017-06-10,0.62
1633,2017-06-11,0.74
1634,2017-06-12,0.24
1635,2017-06-13,0.24
1636,2017-06-14,0.22
1637,2017-06-15,0.55
1638,2017-06-16,0.06
1639,2017-06-17,0.07
1640,2017-06-18,0.24
1641,2017-06-19,0.08
1642,2017-06-20,0.0
1643,2017-06-21,0.19
1644,2017-06-22,0.06
1645,2017-06-23,0.12
1646,2017-06-24,0.36
1647,2017-06-25,0.02
1648,2017-06-26,0.06
1649,2017-06-27,0.01
1650,2017-06-28,0.0
1651,2017-06-29,0.0
1652,2017-06-30,0.01
1653,2017-07-01,0.08
1654,2017-07-02,0.15
1655,2017-07-03,0.15
1656,2017-07-04,0.08
1657,2017-07-05,0.0
1658,2017-07-06,0.0
1659,2017-07-07,0.18
1660,2017-07-08,0.0
1661,2017-07-09,0.11
1662,2017-07-10,0.02
1663,2017-07-11,0.02
1664,2017-07-12,0.28
1665,2017-07-13,0.32
1666,2017-07-14,0.2
1667,2017-07-15,0.05
1668,2017-07-16,0.1
1669,2017-07-17,0.21
1670,2017-07-18,0.05
1671,2017-07-19,0.05
1672,2017-07-20,0.06
1673,2017-07-21,0.03
1674,2017-07-22,0.2
1675,2017-07-23,0.2
1676,2017-07-24,0.61
1677,2017-07-25,0.11
1678,2017-07-26,0.12
1679,2017-07-27,0.01
1680,2017-07-28,0.09
1681,2017-07-29,0.23
1682,2017-07-30,0.0
1683,2017-07-31,0.0
1684,2017-08-04,0.0
1685,2017-08-05,0.06
1686,2017-08-06,0.0
1687,2017-08-13,0.0
1688,2017-08-14,0.0
1689,2017-08-15,0.32
1690,2017-08-16,0.12
1691,2017-08-17,0.01
1692,2017-08-18,0.06
1693,2016-08-23,0.7
1694,2016-08-24,1.45
1695,2016-08-25,0.11
1696,2016-08-28,2.07
1697,2016-08-29,0.9
1698,2016-08-30,0.05
1699,2016-08-31,2.46
1700,2016-09-01,0.01
1701,2016-09-02,0.03
1702,2016-09-03,1.0
1703,2016-09-04,0.44
1704,2016-09-05,0.18
1705,2016-09-06,1.0
1706,2016-09-07,1.35
1707,2016-09-08,0.15
1708,2016-09-09,0.35
1709,2016-09-10,1.16
1710,2016-09-11,0.6
1711,2016-09-12,1.04
1712,2016-09-13,1.2
1713,2016-09-14,6.7
1714,2016-09-15,3.35
1715,2016-09-16,0.61
1716,2016-09-17,0.23
1717,2016-09-18,0.42
1718,2016-09-19,0.25
1719,2016-09-20,0.43
1720,2016-09-21,1.02
1721,2016-09-22,0.75
1722,2016-09-23,0.33
1723,2016-09-24,0.27
1724,2016-09-25,0.04
1725,2016-09-26,1.02
1726,2016-09-27,1.0
1727,2016-09-28,0.05
1728,2016-09-29,1.49
1729,2016-09-30,0.38
1730,2016-10-01,1.02
1731,2016-10-02,0.61
1732,2016-10-03,0.46
1733,2016-10-04,3.46
1734,2016-10-05,0.81
1735,2016-10-06,0.04
1736,2016-10-07,0.01
1737,2016-10-08,0.04
1738,2016-10-09,0.0
1739,2016-10-10,0.0
1740,2016-10-11,0.35
1741,2016-10-12,0.02
1742,2016-10-13,0.06
1743,2016-10-14,0.0
1744,2016-10-15,0.33
1745,2016-10-16,0.0
1746,2016-10-17,0.38
1747,2016-10-18,0.48
1748,2016-10-19,0.0
1749,2016-10-20,1.0
1750,2016-10-21,0.09
1751,2016-10-22,1.37
1752,2016-10-23,0.24
1753,2016-10-24,0.7
1754,2016-10-25,0.4
1755,2016-10-26,0.0
1756,2016-10-27,1.25
1757,2016-10-28,0.37
1758,2016-10-29,0.25
1759,2016-10-30,0.95
1760,2016-10-31,1.35
1761,2016-11-01,0.09
1762,2016-11-02,0.04
1763,2016-11-03,0.02
1764,2016-11-04,0.06
1765,2016-11-05,0.38
1766,2016-11-06,0.05
1767,2016-11-07,0.05
1768,2016-11-08,0.53
1769,2016-11-09,0.04
1770,2016-11-10,0.01
1771,2016-11-11,0.0
1772,2016-11-12,0.0
1773,2016-11-13,0.0
1774,2016-11-14,0.02
1775,2016-11-15,0.05
1776,2016-11-16,0.91
1777,2016-11-17,0.02
1778,2016-11-21,2.87
1779,2016-11-22,2.11
1780,2016-11-23,0.22
1781,2016-11-24,0.72
1782,2016-11-25,1.03
1783,2016-11-26,0.3
1784,2016-11-27,0.29
1785,2016-11-28,0.69
1786,2016-11-29,0.2
1787,2016-11-30,0.79
1788,2016-12-01,0.72
1789,2016-12-02,1.27
1790,2016-12-03,1.62
1791,2016-12-04,0.31
1792,2016-12-05,1.6
1793,2016-12-06,0.0
1794,2016-12-07,0.02
1795,2016-12-08,0.03
1796,2016-12-09,0.42
1797,2016-12-10,0.04
1798,2016-12-11,0.13
1799,2016-12-12,0.01
1800,2016-12-13,0.09
1801,2016-12-14,0.33
1802,2016-12-15,0.03
1803,2016-12-16,0.0
1804,2016-12-19,0.15
1805,2016-12-20,0.0
1806,2016-12-21,0.55
1807,2016-12-22,1.24
1808,2016-12-23,0.83
1809,2016-12-24,1.08
1810,2016-12-25,0.38
1811,2016-12-26,1.48
1812,2016-12-27,0.14
1813,2016-12-28,0.14
1814,2016-12-29,1.03
1815,2016-12-30,2.37
1816,2016-12-31,0.9
1817,2017-01-01,0.03
1818,2017-01-02,0.0
1819,2017-01-03,0.0
1820,2017-01-04,0.0
1821,2017-01-05,0.47
1822,2017-01-06,0.1
1823,2017-01-07,0.0
1824,2017-01-08,0.03
1825,2017-01-09,0.0
1826,2017-01-10,0.0
1827,2017-01-11,0.0
1828,2017-01-12,0.0
1829,2017-01-13,0.0
1830,2017-01-14,0.0
1831,2017-01-15,0.01
1832,2017-01-16,0.0
1833,2017-01-17,0.0
1834,2017-01-18,0.07
1835,2017-01-19,0.0
1836,2017-01-20,0.0
1837,2017-01-21,0.08
1838,2017-01-22,0.72
1839,2017-01-23,0.85
1840,2017-01-24,1.85
1841,2017-01-25,2.64
1842,2017-01-26,0.1
1843,2017-01-27,0.03
1844,2017-01-28,0.0
1845,2017-01-29,0.55
1846,2017-01-30,0.0
1847,2017-01-31,0.0
1848,2017-02-01,0.0
1849,2017-02-02,0.0
1850,2017-02-05,0.0
1851,2017-02-06,0.0
1852,2017-02-07,1.79
1853,2017-02-08,0.0
1854,2017-02-09,0.0
1855,2017-02-10,0.0
1856,2017-02-11,0.73
1857,2017-02-12,1.83
1858,2017-02-13,0.0
1859,2017-02-14,0.01
1860,2017-02-15,0.07
1861,2017-02-16,0.13
1862,2017-02-19,0.1
1863,2017-02-20,0.0
1864,2017-02-21,0.07
1865,2017-02-22,0.32
1866,2017-02-23,0.0
1867,2017-02-24,0.0
1868,2017-02-25,0.12
1869,2017-02-26,0.0
1870,2017-02-27,0.0
1871,2017-02-28,0.58
1872,2017-03-01,2.0
1873,2017-03-02,0.58
1874,2017-03-03,0.56
1875,2017-03-04,0.0
1876,2017-03-05,0.35
1877,2017-03-06,0.0
1878,2017-03-07,0.0
1879,2017-03-08,0.0
1880,2017-03-09,0.01
1881,2017-03-10,0.0
1882,2017-03-11,0.0
1883,2017-03-14,0.0
1884,2017-03-15,0.0
1885,2017-03-16,0.0
1886,2017-03-19,0.0
1887,2017-03-20,0.0
1888,2017-03-21,0.0
1889,2017-03-22,0.0
1890,2017-03-23,0.03
1891,2017-03-24,0.17
1892,2017-03-25,0.48
1893,2017-03-26,0.0
1894,2017-03-27,0.0
1895,2017-03-28,0.68
1896,2017-03-29,0.07
1897,2017-04-01,0.2
1898,2017-04-02,0.0
1899,2017-04-03,0.23
1900,2017-04-04,0.02
1901,2017-04-05,0.45
1902,2017-04-06,0.0
1903,2017-04-09,0.0
1904,2017-04-10,0.0
1905,2017-04-11,0.25
1906,2017-04-12,0.65
1907,2017-04-13,0.23
1908,2017-04-14,2.82
1909,2017-04-15,0.9
1910,2017-04-16,0.11
1911,2017-04-17,1.3
1912,2017-04-18,0.98
1913,2017-04-19,0.14
1914,2017-04-20,0.0
1915,2017-04-21,1.84
1916,2017-04-22,1.35
1917,2017-04-23,0.35
1918,2017-04-24,0.05
1919,2017-04-25,0.0
1920,2017-04-26,0.22
1921,2017-04-27,0.11
1922,2017-04-28,0.79
1923,2017-04-29,0.0
1924,2017-04-30,0.8
1925,2017-05-01,0.25
1926,2017-05-02,0.0
1927,2017-05-05,0.1
1928,2017-05-06,0.0
1929,2017-05-07,0.03
1930,2017-05-08,1.11
1931,2017-05-09,0.23
1932,2017-05-10,0.55
1933,2017-05-11,0.44
1934,2017-05-12,0.1
1935,2017-05-13,0.1
1936,2017-05-14,1.0
1937,2017-05-15,0.6
1938,2017-05-16,0.3
1939,2017-05-17,0.06
1940,2017-05-18,0.0
1941,2017-05-21,0.0
1942,2017-05-22,0.3
1943,2017-05-23,0.44
1944,2017-05-24,2.17
1945,2017-05-25,0.88
1946,2017-05-26,0.0
1947,2017-05-27,0.5
1948,2017-05-28,0.0
1949,2017-06-01,0.01
1950,2017-06-04,0.82
1951,2017-06-05,0.01
1952,2017-06-06,0.0
1953,2017-06-07,0.01
1954,2017-06-08,0.0
1955,2017-06-11,0.7
1956,2017-06-12,0.81
1957,2017-06-13,0.65
1958,2017-06-14,0.81
1959,2017-06-15,1.69
1960,2017-06-16,0.1
1961,2017-06-17,0.1
1962,2017-06-18,0.7
1963,2017-06-19,0.4
1964,2017-06-20,0.31
1965,2017-06-21,0.3
1966,2017-06-22,0.28
1967,2017-06-23,0.5
1968,2017-06-24,0.22
1969,2017-06-25,0.5
1970,2017-06-26,0.02
1971,2017-06-27,0.1
1972,2017-06-28,0.02
1973,2017-06-29,0.04
1974,2017-06-30,0.2
1975,2017-07-01,0.1
1976,2017-07-02,0.5
1977,2017-07-03,0.4
1978,2017-07-04,0.0
1979,2017-07-05,0.0
1980,2017-07-06,0.02
1981,2017-07-07,0.3
1982,2017-07-08,0.02
1983,2017-07-09,0.0
1984,2017-07-10,0.02
1985,2017-07-11,0.0
1986,2017-07-12,0.05
1987,2017-07-13,0.68
1988,2017-07-14,0.68
1989,2017-07-15,0.1
1990,2017-07-16,0.5
1991,2017-07-17,0.39
1992,2017-07-18,2.4
1993,2017-07-19,0.27
1994,2017-07-20,0.7
1995,2017-07-21,0.1
1996,2017-07-22,4.0
1997,2017-07-23,0.8
1998,2017-07-24,0.84
1999,2017-07-25,0.3
2000,2017-07-26,0.3
2001,2017-07-27,0.0
2002,2017-07-28,0.4
2003,2017-07-29,0.3
2004,2017-07-30,0.3
2005,2017-07-31,0.0
2006,2017-08-02,0.25
2007,2017-08-03,0.06
2008,2017-08-07,0.05
2009,2017-08-08,0.34
2010,2017-08-09,0.15
2011,2017-08-10,0.07
2012,2017-08-12,0.14
2013,2017-08-14,0.22
2014,2017-08-15,0.42
2015,2017-08-16,0.42
2016,2017-08-17,0.13
2017,2017-08-19,0.09
2018,2017-08-21,0.56
2019,2017-08-22,0.5
2020,2017-08-23,0.45
